{
  "dataset": "150bp_short_reads",
  "model": "ESM2-3B (300_model.pth)",
  "sample_size": 50000,
  "viral_samples": 26190,
  "nonviral_samples": 23810,
  "metrics": {
    "accuracy": 0.53076,
    "precision": 0.5297491821155943,
    "recall": 0.9274150439098893,
    "f1_score": 0.6743198223209328,
    "roc_auc": 0.5551732533505115
  },
  "confusion_matrix": {
    "true_negative": 2249,
    "false_positive": 21561,
    "false_negative": 1901,
    "true_positive": 24289
  },
  "speed": {
    "inference_time_sec": 0.24553489685058594,
    "samples_per_sec": 203637.04158283552
  }
}