{
  "dataset": "150bp_short_reads",
  "model": "300_model_fastesm650.pth",
  "sample_size": 50000,
  "viral_samples": 26190,
  "nonviral_samples": 23810,
  "metrics": {
    "accuracy": 0.52968,
    "precision": 0.527047256837676,
    "recall": 0.9947689957999236,
    "f1_score": 0.6890322921901034,
    "roc_auc": 0.632060425229067
  },
  "confusion_matrix": {
    "true_negative": 431,
    "false_positive": 23379,
    "false_negative": 137,
    "true_positive": 26053
  },
  "speed": {
    "inference_time_sec": 0.24512219429016113,
    "samples_per_sec": 203979.89722959546
  }
}